Model,Target,Threshold,Accuracy,Bal_Accuracy,Precision,Recall,Specificity,F1_score,ROC_AUC,PR_AUC,MCC
xgb,car,0.5,0.1509433962264151,0.5212765957446809,1.0,0.0425531914893617,1.0,0.08163265306122448,0.4361702127659574,0.8834814461439426,0.0707549137677225
