Model,Target,Threshold,Accuracy,Bal_Accuracy,Precision,Recall,Specificity,F1_score,ROC_AUC,PR_AUC,MCC
rf,car,0.5,0.41509433962264153,0.6702127659574468,1.0,0.3404255319148936,1.0,0.5079365079365079,0.7659574468085106,0.9628361172130826,0.23495561349012983
