Model,Target,Threshold,Accuracy,Bal_Accuracy,Precision,Recall,Specificity,F1_score,ROC_AUC,PR_AUC,MCC
stacking,car,0.5,0.840793489318413,0.8264623209744344,0.46487603305785125,0.8064516129032258,0.8464730290456431,0.5897771952817824,0.9019191668100782,0.6479008564396769,0.5289028653804225
