Model,Target,Threshold,Accuracy,Bal_Accuracy,Precision,Recall,Specificity,F1_score,ROC_AUC,PR_AUC,MCC
rf,car,0.5,0.8708036622583927,0.7557008793791018,0.5407166123778502,0.5949820788530465,0.916419679905157,0.5665529010238908,0.8945913617309683,0.6039883202668361,0.49161992866791004
