Model,Target,Threshold,Accuracy,Bal_Accuracy,Precision,Recall,Specificity,F1_score,ROC_AUC,PR_AUC,MCC
lr,pxr,0.5,0.8130841121495327,0.82874834144184,0.7131782945736435,0.968421052631579,0.6890756302521008,0.8214285714285714,0.9313578062804069,0.8566645801132019,0.667612610507443
