Model,Target,Threshold,Accuracy,Bal_Accuracy,Precision,Recall,Specificity,F1_score,ROC_AUC,PR_AUC,MCC
xgb,pxr,0.5,0.8644859813084113,0.8770897832817337,0.7704918032786885,0.9894736842105263,0.7647058823529411,0.8663594470046083,0.9582485625829279,0.9425928450494865,0.7568960101975966
