Model,Target,Threshold,Accuracy,Bal_Accuracy,Precision,Recall,Specificity,F1_score,ROC_AUC,PR_AUC,MCC
svm,pxr,0.5,0.8925233644859814,0.8980539584254754,0.8333333333333334,0.9473684210526315,0.8487394957983193,0.8866995073891626,0.9347633790358246,0.8642355804749581,0.7911200944317118
