Model,Target,Threshold,Accuracy,Bal_Accuracy,Precision,Recall,Specificity,F1_score,ROC_AUC,PR_AUC,MCC
rf,pxr,0.5,0.8785046728971962,0.8886333480760726,0.7948717948717948,0.9789473684210527,0.7983193277310925,0.8773584905660378,0.9550641309155242,0.921573493901176,0.7757585039289544
