Model,Target,Threshold,Accuracy,Bal_Accuracy,Precision,Recall,Specificity,F1_score,ROC_AUC,PR_AUC,MCC
rf,pxr,0.5,0.8507223113964687,0.8225318553817467,0.6964618249534451,0.763265306122449,0.8817984046410442,0.7283349561830574,0.8982285299906765,0.74233028077492,0.6269653336936611
