Model,Target,Threshold,Accuracy,Bal_Accuracy,Precision,Recall,Specificity,F1_score,ROC_AUC,PR_AUC,MCC
svm,pxr,0.5,0.8180845371856608,0.743183466279913,0.6768867924528302,0.5857142857142857,0.9006526468455403,0.6280087527352297,0.8739067055393586,0.6517260908782078,0.5107723290257786
