Model,Target,Threshold,Accuracy,Bal_Accuracy,Precision,Recall,Specificity,F1_score,ROC_AUC,PR_AUC,MCC
stacking,car,0.5,0.7547169811320755,0.5709219858156028,0.9047619047619048,0.8085106382978723,0.3333333333333333,0.8539325842696629,0.6950354609929079,0.953024004599959,0.11081905677586834
