Model,Target,Threshold,Accuracy,Bal_Accuracy,Precision,Recall,Specificity,F1_score,ROC_AUC,PR_AUC,MCC
svm,car,0.5,0.8774160732451679,0.6533570015700922,0.625,0.34050179211469533,0.966212211025489,0.4408352668213457,0.8740526862598874,0.5446211822903677,0.40073088166025067
