Model,Target,Threshold,Accuracy,Bal_Accuracy,Precision,Recall,Specificity,F1_score,ROC_AUC,PR_AUC,MCC
lr,car,0.5,0.7833163784333672,0.794466646695264,0.3772954924874791,0.8100358422939068,0.7788974510966212,0.5148063781321185,0.8670988138261595,0.5045044710015976,0.44650680367568213
