Model,Target,Threshold,Accuracy,Bal_Accuracy,Precision,Recall,Specificity,F1_score,ROC_AUC,PR_AUC,MCC
xgb,car,0.5,0.884028484231943,0.7738769804089038,0.5864406779661017,0.6200716845878136,0.9276822762299941,0.6027874564459931,0.897988624798958,0.6388724156429959,0.5352367643754715
