Model,Target,Threshold,Accuracy,Bal_Accuracy,Precision,Recall,Specificity,F1_score,ROC_AUC,PR_AUC,MCC
lr,ahr,0.5,0.7732125525719832,0.7845694219722728,0.6852689793866265,0.9478442280945758,0.6212946158499697,0.7954479136270791,0.864890993490152,0.7900080345612315,0.5926876917022583
