Model,Target,Threshold,Accuracy,Bal_Accuracy,Precision,Recall,Specificity,F1_score,ROC_AUC,PR_AUC,MCC
lr,ahr,0.5,0.7522522522522522,0.775804526355997,0.2995319812792512,0.8067226890756303,0.7448863636363636,0.43686006825938567,0.862659950343774,0.42515775441598513,0.38278706939244384
