Model,Target,Threshold,Accuracy,Bal_Accuracy,Precision,Recall,Specificity,F1_score,ROC_AUC,PR_AUC,MCC
xgb,ahr,0.5,0.8853853853853854,0.7877864782276547,0.5147540983606558,0.6596638655462185,0.9159090909090909,0.578268876611418,0.8994007830404891,0.5869124796394993,0.5184021498752517
