Model,Target,Threshold,Accuracy,Bal_Accuracy,Precision,Recall,Specificity,F1_score,ROC_AUC,PR_AUC,MCC
rf,ahr,0.5,0.8718718718718719,0.7492312834224599,0.4697986577181208,0.5882352941176471,0.9102272727272728,0.5223880597014925,0.88720397249809,0.539750643548095,0.4532572601892173
