Model,Target,Threshold,Accuracy,Bal_Accuracy,Precision,Recall,Specificity,F1_score,ROC_AUC,PR_AUC,MCC
stacking,pxr,0.5,0.8504672897196262,0.864484741264927,0.752,0.9894736842105263,0.7394957983193278,0.8545454545454545,0.970986289252543,0.968913604767806,0.7348431006136059
