Model,Target,Threshold,Accuracy,Bal_Accuracy,Precision,Recall,Specificity,F1_score,ROC_AUC,PR_AUC,MCC
stacking,pxr,0.5,0.8384162653825575,0.8418211954832695,0.6459627329192547,0.8489795918367347,0.8346627991298042,0.7336860670194003,0.9015642805345488,0.7441741248001571,0.6327005026389723
