Model,Target,Threshold,Accuracy,Bal_Accuracy,Precision,Recall,Specificity,F1_score,ROC_AUC,PR_AUC,MCC
lr,pxr,0.5,0.7918673087212413,0.7905418004765358,0.5752608047690015,0.7877551020408163,0.7933284989122552,0.664944013781223,0.8564961299965962,0.6108485517587904,0.5327569490406625
