Model,Target,Threshold,Accuracy,Bal_Accuracy,Precision,Recall,Specificity,F1_score,ROC_AUC,PR_AUC,MCC
xgb,pxr,0.5,0.8448368111289459,0.8257795503988397,0.6754385964912281,0.7857142857142857,0.8658448150833937,0.7264150943396226,0.900113954211126,0.746262858537954,0.62243210437411
