Model,Target,Threshold,Accuracy,Bal_Accuracy,Precision,Recall,Specificity,F1_score,ROC_AUC,PR_AUC,MCC
svm,ahr,0.5,0.7305079262374636,0.7178237065494777,0.8235294117647058,0.5354659248956884,0.9001814882032668,0.6489675516224189,0.845325479782618,0.8023051110511166,0.4730650086364916
