Model,Target,Threshold,Accuracy,Bal_Accuracy,Precision,Recall,Specificity,F1_score,ROC_AUC,PR_AUC,MCC
xgb,ahr,0.5,0.7935943060498221,0.794083248983809,0.7659574468085106,0.8011126564673157,0.7870538415003024,0.7831407205982325,0.8545061156560291,0.7708745625485006,0.5869536014386443
