Model,Target,Threshold,Accuracy,Bal_Accuracy,Precision,Recall,Specificity,F1_score,ROC_AUC,PR_AUC,MCC
stacking,ahr,0.5,0.7984471044969266,0.8067609193719516,0.7203893996755003,0.9262865090403338,0.6872353297035693,0.8104654700334651,0.8712817846255849,0.8100131700795881,0.6241897643062864
