Model,Target,Threshold,Accuracy,Bal_Accuracy,Precision,Recall,Specificity,F1_score,ROC_AUC,PR_AUC,MCC
rf,ahr,0.5,0.7868003882238758,0.7874598130259225,0.7574355584930601,0.7969401947148818,0.7779794313369631,0.7766858691968824,0.860771960114665,0.7807728813489719,0.5736540192678372
