Model,Target,Threshold,Accuracy,Bal_Accuracy,Precision,Recall,Specificity,F1_score,ROC_AUC,PR_AUC,MCC
stacking,ahr,0.5,0.8283283283283284,0.8135360962566844,0.391304347826087,0.7941176470588235,0.8329545454545455,0.5242718446601942,0.8990784950343774,0.5773124781087534,0.4744412845349253
