Model,Target,Threshold,Accuracy,Bal_Accuracy,Precision,Recall,Specificity,F1_score,ROC_AUC,PR_AUC,MCC
svm,ahr,0.5,0.8913913913913913,0.6404053666921314,0.5826771653543307,0.31092436974789917,0.9698863636363636,0.4054794520547945,0.8595086898395722,0.48311091835945813,0.3728376500030735
